{"timeStamp":[0,1,2,3,4,5,6,7,8,9,10,11,12,13,14,15,16,17,18,19,20,21,22,23,24,25,26,27,28,29,30,31,32,33,34,35,36,37,38,39,40,41,42,43,44,45,46,47,48,49,50,51,52,53,54,55,56,57,58,59,60,61,62,63,64,65,66,67,68,69,70,71,72,73,74,75,76,77,78,79,80,81,82,83,84,85,86,87,88,89,90,91,92,93,94,95,96,97,98,99,100,101,102,103,104,105,106,107,108,109,110,111,112,113,114,115,116,117,118,119,120,121,122,123,124,125,126,127,128,129,130,131,132,133,134,135,136,137,138,139,140,141,142,143,144,145,146,147,148,149,150,151,152,153,154,155,156,157,158,159,160,161,162,163,164,165,166,167,168,169,170,171,172,173,174,175,176,177,178,179,180,181,182,183,184,185,186,187,188,189,190,191,192,193,194,195,196,197,198,199,200,201,202,203,204,205,206,207,208,209,210,211,212,213,214,215,216,217,218,219,220,221,222,223,224,225,226,227,228,229,230,231,232,233,234,235,236,237,238,239,240,241,242,243,244,245,246,247,248,249,250],"avgDistance":[87.90034026712742,91.20946399708107,96.28646055702296,100.9835731036049,104.30925419422994,106.22814425877387,106.59791607347005,106.39551057386176,106.53014422982922,106.6784147245342,106.744341641673,106.9119563284709,107.09489095506588,107.1575987780033,107.31189587409037,107.38688880417095,107.56570677536457,107.7569742018443,107.96676765254888,108.25647047506786,108.50845681193753,108.81017522501253,109.02491014820515,109.09688213179234,109.15090366180053,109.23059035442847,109.32073424758744,109.40286682134443,109.47074786404126,109.57714083901908,109.71666313508476,109.86330396579048,110.0235725202671,110.2076680790598,109.94409896997092,109.40659952670053,109.35380300142653,109.45252531175602,109.48566155477401,109.43615558880975,109.50240870643694,109.61705165415685,109.65629792814926,109.67373091820856,109.73190741555055,109.74541265698006,109.72769542539139,109.66983078036588,109.60718725502379,109.53467123472262,109.47229056978294,109.36820652648164,109.25358376451402,109.12151482444531,108.95912895927142,108.73437137250957,108.47951104529568,108.18667102377736,107.8734916536405,107.398408215176,106.15557964526334,104.51410585791959,102.85827400002681,101.51440638841792,100.78674829872081,100.14891871096111,99.37755717936159,98.51388317584664,97.75583316895143,97.18903840938542,96.68019423767225,96.20726505087941,95.68949548347543,95.10102961961701,94.457706601921,93.87074800272306,93.28733099080044,92.70744207760032,92.09352757705234,91.4787117297953,90.86726912520643,90.30122429414452,89.77732971843682,89.28398172217409,88.62810502563492,87.8605272889088,86.97201949808041,86.07351421956459,85.18012610948539,84.2915171800045,83.40877940931776,82.51206216970108,81.62439866722377,80.75116763002178,79.85500304679005,78.93084768853899,78.01493122489609,77.14351952372243,76.31045668313003,75.41299326704576,74.51860867955793,73.64331816906218,72.76787099869912,71.949886348062,71.0930968553459,70.32835329032993,69.59135732611432,68.84511116639138,68.10794545140998,67.37522613208633,66.64432838229794,65.96084623532408,65.31250754618243,64.54629876142441,63.76053400841267,62.98511677005874,62.315261766878706,61.56749033248428,60.78606742563507,60.010767529041274,59.215021096689334,58.4035549692001,57.62391004440723,56.795778023355794,55.97635551184246,55.170130649126456,54.35543153441497,53.59806186217776,52.886085109686775,52.22940455259655,51.60616176665135,50.940551921394935,50.31228902234196,49.68514789035206,49.07475658115355,48.51067734901589,47.94392134540207,47.41469248522445,46.90638936403492,46.39134769598655,45.90710965858725,45.4114663775208,44.92723764072866,44.38611789755737,43.87535959989942,43.41045648582963,42.90117686565194,42.34162354277649,41.800597474017806,41.25770305023607,40.70756342433842,40.10551810788566,39.499810775210264,38.887962354863454,38.28409063101771,37.683368692932774,37.14625551759157,36.62699961333674,36.07956191094174,35.54475310075992,35.04201590234707,34.546070987842455,34.01063060770325,33.46184437657148,32.96192855136951,32.473078259527476,31.978670981145306,31.548661701264745,31.16224912633861,30.80215722557346,30.434776200601313,30.03802877374351,29.683788787912427,29.363811955932018,29.12593853044108,28.85002317502177,28.541795852810793,28.236854262905073,27.922056465573565,27.606374948684856,27.27072900814203,26.95273148428094,26.64367931508324,26.365934144589374,26.095324562925725,25.805446896650466,25.491483991923474,25.185850222032386,24.858392594337865,24.538090549927748,24.20258460431976,23.867467349146473,23.52216557188326,23.16475419489559,22.808375463048115,22.50488993877096,22.23311297407,21.960129833559634,21.61634680683474,21.36392405613477,21.22436460053475,21.15113396895064,21.050032367677854,20.928409589360946,20.79735728702394,20.659546613659472,20.546549761741602,20.425096584226676,20.315550452134616,20.204200477163248,20.11131948160918,20.031745413316397,19.91635769445168,19.81242203306561,19.759670577487682,19.70450634895029,19.673882993467213,19.64379631110158,19.649628250293247,19.648997292997596,19.616923684959332,19.562022271910667,19.546169678050866,19.563604299993106,19.573253417507036,19.55664378923958,19.51409675207725,19.46974780857566,19.41720458600488,19.366004400456497,19.354077887369428,19.34654136401861,19.32568358099131,19.254735846784943,19.143509475861066,19.06151980818386,19.002782518762455,18.92504069002704,18.877839181874428,18.80619222088375,18.708020945869933,18.59535097184131,18.47932643628646,18.39812885225815,18.345275665861394,18.284458154553416,18.22443779207319,18.140661386669944,18.076062428050776,18.054072017298985,18.006731323901622],